mean_b;mean_g;mean_r;std_b;std_g;std_r;area;perimeter;circularity;aspect_ratio;solidity;extent;std_gray;entropy;hu1;hu2;hu3;hu4;hu5;hu6;hu7;label
62.99095840867992;93.47920433996383;115.97830018083182;24.965761537991764;23.05116609454066;21.62945130690005;505.0;111.39696884155273;0.5113926652906453;1.8333333333333333;0.8581138487680544;0.47821969696969696;22.702389462148844;0.4036590264182247;0.6645088855799296;1.8191917359111913;2.9278761494818477;4.364495060158054;8.482834504077065;7.000282801933134;8.036821732951783;0
53.60432330827067;56.7734962406015;58.962406015037594;33.91924870094895;34.36358029853987;34.63041299184183;1012.5;119.63961005210876;0.8889041181580866;1.2058823529411764;0.9868421052631579;0.7263271162123386;34.40420466008079;0.3945748648107797;0.78833123384307;2.9905452236398564;4.712492639700666;6.858491615199951;-11.911965297490045;-8.374734894101868;11.986286180526758;0
81.30538922155688;118.00598802395209;144.6626746506986;12.806114078151815;10.257656897255467;11.954002997181439;464.0;87.74011433124542;0.7574107287213658;1.1111111111111112;0.9656607700312175;0.5728395061728395;10.179882976257105;0.3475487317934868;0.7582541252011348;2.806886085090245;2.948011544681205;5.005106082050244;-8.993329659994139;-6.506855322061909;9.613015569669013;0
66.41977516607052;84.45835462442516;98.734542667348;28.523105182096874;34.84876337240014;41.990184237050805;3795.5;280.1492757797241;0.6077148538785972;1.3181818181818181;0.9064962980654406;0.6610066179031696;35.81504137081328;0.41841662254622364;0.7226354042789995;2.2010777096410403;3.1526880408618885;4.487723724064963;9.310305476655143;-6.032998357768524;8.309990629227496;0
53.41011235955056;57.258426966292134;59.86423220973783;33.06981564401212;33.70371947040552;33.57357220534816;1014.5;121.15432798862457;0.868528450665342;0.8048780487804879;0.9806669888835186;0.7498152254249815;33.56235868644884;0.39748086122876997;0.7843835186912593;2.8066801546606994;5.059802645397704;6.786929258324691;11.973864953480023;8.874273836866756;-11.926386349201922;0
53.102013422818786;57.06442953020134;59.85906040268456;35.23295907729154;36.15932134286504;36.63566680625088;700.5;103.98275458812714;0.8141330164148456;0.7368421052631579;0.9695501730103806;0.6583646616541353;36.13966656323538;0.4013553107716206;0.7576563820972368;2.306841666821937;4.7246947431722415;6.016480709345881;-11.77052247001065;-7.6127525346759795;-11.297408623180917;0
50.75732600732601;53.027472527472526;54.18131868131868;36.09621213616055;36.788490294574615;36.698929764778214;1037.5;124.81118202209473;0.8369335487314834;0.75;0.9796978281397545;0.7145316804407713;36.7175045431799;0.4000154938187963;0.7579410039517175;2.2977853016629886;4.935953355135398;6.219902307780377;11.632686531199205;7.465707910947712;11.72657842335101;0
52.866123399301514;55.513387660069846;56.544819557625146;35.57283767425616;36.13241389885561;35.93055364223169;812.0;108.56854176521301;0.8656809964985056;1.125;0.9848392965433597;0.7048611111111112;36.010862240409054;0.4004108197321606;0.7711392905331873;2.482150208353065;5.673450157675663;7.277485418222805;-11.994333618129497;-8.646292978482254;11.994901189098766;0
51.99286442405709;53.5677879714577;56.44954128440367;36.425967679071285;37.22977037727255;37.22226751658231;928.5;118.32590103149414;0.8333590031083042;0.6744186046511628;0.9794303797468354;0.7445870088211708;37.142484309635066;0.3949959188501079;0.7581235169038091;2.308316304194937;4.560021544767672;5.961771324715823;-11.609928260428038;-7.568108238599994;11.16690274142615;0
45.88319672131148;48.416666666666664;51.650956284153004;34.961307912936505;36.023764861415046;35.64887047717844;1399.0;147.0538227558136;0.8129707887407096;0.6481481481481481;0.9817543859649123;0.7402116402116402;35.791297068740334;0.3852498807250785;0.7418013319578712;2.1305585994792087;5.769716852776729;7.120849900094214;-11.988642037208374;-8.188647439204429;-11.99742747374615;0
52.93886097152429;55.09045226130653;56.76381909547739;35.19287055734586;35.534401091540765;35.46058983309019;1139.5;128.95331728458405;0.8611110378496647;1.1578947368421053;0.9810589754627637;0.6815191387559809;35.468152924683814;0.4095433334522105;0.77657908668176;2.598328772622306;5.871520472273063;7.558487761467891;-11.99779658587413;-8.862402393971767;-11.999313140109892;0
51.016849199663014;53.19797809604044;53.89132266217354;28.862186895035325;29.25382736424373;28.931854696769168;1131.0;129.8822501897812;0.8425057251293685;1.3142857142857143;0.9796448679081854;0.7024844720496894;29.123953864072337;0.3770766116733961;0.7594644229000977;2.3229788658740596;5.452291913213423;6.60310528595908;11.991686583672877;9.055186975627091;11.908970572874987;0
52.48957464553795;58.84209063108146;64.76800111203781;33.62346845724193;37.60428667425838;41.846190613611945;6966.5;525.4873689413071;0.31702969481465443;0.8285714285714286;0.6652501909854851;0.4289716748768473;38.124797456109896;0.4297662844878041;0.5613872804514881;2.136102625305071;1.7253324033457274;3.2061526094607564;5.6778851539298305;4.274965768649548;-6.454537023069768;0
53.40602817516654;59.11597684831277;63.8029922463689;37.79116498678966;41.76122189423192;44.39401918493051;8835.5;755.7371490001678;0.19440142918418943;2.010204081632653;0.6293987747542384;0.4576556510929245;41.88779820635477;0.424318439507891;0.36978943982995593;0.907732256743246;2.8557774197421506;3.3430762578746878;6.466244734637792;3.817768109156702;6.93487286743214;0
54.682204481071345;59.43110996652074;63.14318825650271;37.27281717156118;39.1216409037085;40.15093974276943;3732.5;349.1198379993439;0.38482264973884767;0.7657657657657657;0.7841386554621849;0.39560148383677796;39.11192944710088;0.43247155148631233;0.5065365821050581;1.2239737540444502;2.4392681123617197;3.4663364864810227;-7.219130661952861;-4.549714665891393;-6.424661823906806;0
51.89506172839506;55.711934156378604;58.32818930041153;33.33869241328257;33.88277633950664;33.757369377016666;922.0;117.05382323265076;0.8456089648095545;1.2424242424242424;0.9834666666666667;0.6814486326681448;33.73450450673451;0.38243084089207435;0.762376191194682;2.3718194853742944;4.206004005777799;5.5763406974893694;10.456240521902652;6.765275743217183;-11.436705030306221;0
57.39655172413793;63.33542319749216;69.5807210031348;37.92868188771507;41.11758159664739;44.33837619085648;2447.0;252.73506128787994;0.4814074911867969;0.8205128205128205;0.7966791469965815;0.4901842948717949;41.399881975507625;0.4210288491603459;0.58221361998788;1.4839949336686136;3.0308325412737904;4.257344880764452;-8.468661104536553;-5.557324747494464;-7.917935404585192;0
53.168137482582445;58.78994426381793;63.51904319554111;33.626041971477825;37.034817177474146;40.57868085703438;8361.0;581.1858524084091;0.31105559659061893;0.7133757961783439;0.7512466867334562;0.47548908098271153;37.46070648626024;0.4275303774063422;0.5745807818264986;1.5382548083837586;2.375719218467899;3.5069284404090832;6.84791213982389;-6.2909389845078865;-6.485784669047723;0
47.861519607843135;51.47549019607843;53.4546568627451;37.25786783134341;38.12456219298479;37.94087767701037;769.5;106.32590126991272;0.8553430734129082;0.7837837837837838;0.9759036144578314;0.717148182665424;37.95573941442673;0.4009071046887308;0.7737099579184952;2.5341296440334666;5.1712863860758365;6.802499110927695;-11.952657316543165;-8.22790948706309;11.952918886729083;0
44.787394957983196;46.14621848739496;48.16386554621849;38.61091423750248;39.693283706622736;39.71644290666518;1135.5;129.78174448013306;0.8471684774208718;1.1282051282051282;0.976354256233878;0.6617132867132867;39.560185145057766;0.3918855901994567;0.7787359028531455;2.6702825602961178;6.693717291651656;7.785519454790875;-11.99959042908642;-9.158709195745995;11.999992551191749;0
55.877307274701415;58.3257328990228;59.561346362649296;37.74419781573817;38.34344312887823;38.42096084536;871.0;113.74011433124542;0.846059094355865;0.7948717948717948;0.9786516853932584;0.7204301075268817;38.35285353103113;0.40675957084286224;0.7745780823923003;2.561974864910429;5.288975511613488;6.985232842755297;-11.987679958462962;-9.414010481466779;11.970718809939083;0
47.89416846652268;49.8390928725702;50.54211663066955;37.10640278954913;38.314812603428855;38.726178596587914;875.0;114.91168701648712;0.8327018239041819;1.4137931034482758;0.9754738015607581;0.7359125315391085;38.262199188825306;0.4024166385007899;0.7610436663122382;2.3401106141289008;5.107522586850738;6.428112776312517;11.786006653842984;7.598192364984046;11.995043165090811;0
46.35735735735736;47.907907907907905;49.906906906906904;36.72931344157299;38.17117454432894;38.04457559330131;947.0;116.9116872549057;0.8706507661858641;0.7317073170731707;0.9823651452282157;0.7699186991869919;37.943291515743944;0.38919067338685903;0.7740462997037274;2.5594100994115276;5.742789595710959;7.228170745161813;-11.996406489718343;9.75585886994749;-11.992483320838435;0
46.29626078619367;48.66922339405561;50.5071907957814;38.447701468912754;39.40103908756966;39.097325472806766;990.0;120.56854116916656;0.8558093880814238;0.8048780487804879;0.9797130133597229;0.7317073170731707;39.2274104305808;0.38922514319667373;0.773552537606107;2.538914156896637;5.137158140701415;6.736171750648511;-11.94485311208155;-8.17131389010961;11.934175598935738;0
45.85732941560561;48.492654260528894;50.13352921971923;33.65265263494311;34.442424927801376;34.574274717851786;2957.5;242.55129659175873;0.6317240576215724;1.7083333333333333;0.9126677981792933;0.7513973577235772;34.39327833347869;0.39908697757308914;0.684984120566623;1.8177821377962682;4.367327729436295;5.609936799529016;-10.949488064060132;-7.087381940912041;-10.619236674014337;0
52.30685920577617;55.53140794223827;56.69097472924187;42.34019507532151;43.62017619936807;43.58832468113895;1323.5;141.2964630126953;0.8330503065655522;1.175;0.9792822789493155;0.7039893617021277;43.510118390152265;0.3978645625256031;0.7691854369995335;2.511783285179891;3.9625901283807297;5.5618904036337655;-10.316977277194706;-6.83337772558788;-11.260835165743195;0
51.28047619047619;53.59142857142857;54.55809523809524;32.673156300400265;32.75885518752567;32.768276705933836;2013.5;204.55129599571228;0.6047237522217523;1.3877551020408163;0.8798339523705484;0.6042917166866747;32.788391878073455;0.39788491466637843;0.6639563176717357;1.7922534766796971;2.920183433173504;3.814685545232021;7.257105498529545;4.827884269846925;-7.449392293361631;0
55.23583180987203;59.46892138939671;62.54570383912249;35.709358399788485;36.57776323879354;36.18287411423248;1040.5;121.98275482654572;0.8787292326922341;0.9736842105263158;0.9834593572778828;0.7400426742532006;36.36318333157345;0.4058081777458419;0.7837164991334448;2.8073014924060655;4.366559451215603;6.196816620293313;11.87975028043917;-8.320156727846243;11.365787360109376;0
48.18678526048284;50.690385429902584;52.300296484540446;41.42844715497101;42.36950802638406;42.17449326506934;2261.5;233.03657698631287;0.5233090811407624;1.2363636363636363;0.8368177613321;0.6046791443850268;42.26375511866573;0.4088900140353875;0.6674722081085126;1.9300699002728536;3.3601385675124638;4.329494749170911;-8.268918401112026;-5.404754169592378;8.400058958932329;0
46.36006683375104;48.82539682539682;49.705096073517126;40.032420144829885;40.869665775060675;40.90095315536671;1142.0;127.88224983215332;0.8775167833472571;0.9512195121951219;0.9849072876239758;0.7141963727329581;40.81127110516482;0.39497578247045684;0.7828386697021454;2.747794765383079;4.965438017805383;6.775474065605406;11.98344187708545;9.063351735540598;11.912711657421376;0
72.96165739022882;99.79158936301795;121.8361162646877;26.141941918053405;29.299033668566246;33.93720392172608;1549.0;154.7106763124466;0.8132437092118764;0.6607142857142857;0.9800695982284088;0.7475868725868726;29.728017543719638;0.4154699757530329;0.7456918218871442;2.1697382319492884;4.744551315497684;5.961139867416386;11.5356571874487;7.68058152490116;-11.262800444135385;0
48.835642317380355;51.79785894206549;53.68513853904282;36.970323917055566;38.0302652967254;38.07278401183102;1523.5;149.78174459934235;0.8533644622839348;1.0;0.9778562259306803;0.7199905482041588;37.92712915480883;0.39641840851778887;0.7826778378901187;2.801967568768455;4.369873002395687;6.175300158509048;-11.603956686029452;-7.729875203220843;11.372677187514455;0
51.829884738230795;56.26496319955561;62.45049298708512;34.11982245321485;35.036197383500046;34.56066357645454;6985.0;495.4457389116287;0.35758894113667344;0.9398496240601504;0.7281350985093297;0.4201503759398496;34.621205247411766;0.41787734270406807;0.5407731251003772;1.383616206846488;2.405663170668244;3.52911949380525;-6.763465347020522;-4.412789524778186;-6.571637729668389;0
51.45274527452745;54.00720072007201;55.193519351935194;41.00553484107941;42.44305702307227;42.542713151015946;1057.5;123.63960874080658;0.8693106414061091;0.7906976744186046;0.9823502090106828;0.7233242134062927;42.31306378849776;0.4063258323626989;0.7836111244705585;2.8129080360195475;4.9835173314221635;7.135295600937479;-11.97982621178653;-8.567057460163436;-11.981864252251937;0
48.57011686143573;51.17028380634391;51.878130217028385;38.25310674239994;39.213886995660516;38.931430313910674;1139.5;131.15432822704315;0.8324514974830209;1.5483870967741935;0.979372582724538;0.7657930107526881;39.01218430319786;0.3930630999015809;0.7547532372043029;2.2674514235658223;4.729820640396783;6.1327365638079;-11.540307632705861;-7.429918573930827;-11.526355659909845;0
47.784006595218464;51.53503709810388;54.404781533388295;36.05198465365529;36.65500307673027;36.01948556959628;1156.5;131.2964631319046;0.8430424565203825;0.8636363636363636;0.9809160305343512;0.6916866028708134;36.42455318534673;0.39727457974045716;0.7641161898511438;2.3754945288191234;5.853995718594351;7.321711288608911;11.997571111693569;8.770014084577088;-11.995264568042359;0
50.81333333333333;54.89714285714286;57.11333333333333;36.04705143919982;36.46465857745092;36.13943253742349;998.0;121.88224995136261;0.8442274709312249;1.2;0.9813176007866273;0.6789115646258503;36.324178638222456;0.3930078372352523;0.7635621670781746;2.3775265457566017;4.647517418290705;6.149485568614325;-11.479265490763796;-7.403737378137621;-11.580438653621835;0
54.46059544658494;60.97927612375949;66.04378283712785;34.346650568136155;38.83439072871517;43.33805746592238;6610.0;565.6711350679398;0.2595872077955296;1.5154639175257731;0.677635962888923;0.4635668700469879;39.4140981896975;0.4273467884591743;0.5646867612576316;1.7313094747585982;2.4127327356267876;3.5641227430703273;6.583255354303516;4.9067897396262365;6.992480354880551;0
49.70093457943925;54.33060747663551;58.1892523364486;33.54330858052658;35.95037204394783;38.4081520796038;808.5;110.81118178367615;0.8274137144741227;1.0588235294117647;0.9788135593220338;0.6605392156862745;36.30842264159841;0.41112980169206936;0.7576767833878496;2.3233752928909555;4.1426379932457635;5.531416375627313;-10.585303175684693;-6.850829474341527;10.446539882855722;0
53.84251968503938;56.86051743532059;57.86051743532059;39.79291095635121;40.35378840520923;40.35378840520923;842.5;110.4680370092392;0.8675739434704649;0.868421052631579;0.9842289719626168;0.6718500797448166;40.353788405209194;0.40442893738617836;0.7755803665518991;2.587916830544422;4.836415493197108;6.385299448628977;-11.92919105603559;-8.238923976350199;-11.70044454946613;0
47.04477611940298;49.492537313432834;50.15323383084577;39.49941727732688;40.22554810599499;40.358497992233296;954.5;119.2964631319046;0.8428119034034073;1.054054054054054;0.9794766546947152;0.6614691614691615;40.18312350685249;0.39483327269913404;0.7638576858762165;2.375799959231636;5.255583791637016;6.7602529042935435;-11.93218537146179;-7.956160592328918;-11.99018351692166;0
65.53448275862068;86.63193403298351;108.03748125937031;30.04005214673135;41.34123438985839;50.25464485784247;1263.5;165.9238793849945;0.5767230694004645;1.065217391304348;0.8548714479025711;0.5605590062111802;42.25706920445118;0.41701758412654666;0.6851730207457992;2.048822608815229;2.9178018605312848;3.9966068061425437;8.300850685459293;5.458840756019168;-7.458234036827925;0
48.53268765133172;50.85472154963681;51.228813559322035;40.694807205029214;41.450991608282074;41.32698633240454;779.5;107.98275482654572;0.8400732922960188;1.0;0.9780426599749059;0.6743079584775087;41.30032121673599;0.4109199042912084;0.759022946446157;2.310197187540039;5.105428966448279;6.496162499990332;-11.946174660349643;-8.071124865205817;11.827643733864212;0
68.64841498559078;87.36311239193083;111.04034582132564;27.520131830882836;27.31470177857517;23.192058361904053;316.5;67.69848394393921;0.8678120818667898;1.0;0.9768518518518519;0.717687074829932;25.769846597266625;0.41260686568315574;0.7840379562288208;3.422332260315592;3.426143188505675;6.178647090906744;-10.943833102681353;-7.890056706972955;11.663915918303669;0
49.100240577385726;53.287890938251806;56.44747393744988;34.566538811330396;35.339590343864344;34.67468599528502;1187.5;133.98275458812714;0.8312768338146568;1.4545454545454546;0.9818106655642828;0.7496843434343434;35.01938903264349;0.40179061467507327;0.7518022526506146;2.2306008602397926;4.981567658095976;6.298666988583122;11.774753637920234;7.733502947744929;11.71460241131558;0
53.42678227360308;56.018304431599226;55.97784200385357;38.82188385613831;39.748906653760486;39.83456263006783;985.5;121.63960909843445;0.8369826605817533;1.303030303030303;0.9723729649728663;0.6945031712473573;39.66517856983837;0.39737349082763507;0.7737067265213114;2.567855692909226;4.486405444274954;5.827659543606261;10.95206957764373;7.114748975915756;11.525097609269306;0
56.012015503875965;59.21201550387597;61.38294573643411;42.25254740964629;43.33990868800987;43.010795695515824;2480.5;230.55129611492157;0.5864270020950423;0.5975609756097561;0.8691310441485635;0.6173469387755102;43.07955727386907;0.41002711208018805;0.6273662572799135;1.614286739501793;3.329482439849218;4.204991280524239;7.975977714005948;5.02399669364678;-8.852831070791183;0
48.438488142292485;50.70009881422924;51.797924901185766;39.99350454779715;41.26249337684323;41.26000508251769;3902.0;341.36247861385345;0.42079014750864613;0.8924731182795699;0.7451542060536618;0.5055058945459256;41.07446946462333;0.4120135786115475;0.6400856679679024;2.9007665752066774;2.137581344712655;3.6321006130216613;6.575099528608349;5.191238466306203;-6.831436349038416;0
52.76882320133854;56.52063580591188;58.09760178471835;37.54131895227575;38.135589595486955;38.01655141703403;3461.5;292.977702498436;0.5067631908086723;1.075;0.8258380054872957;0.503125;37.998400195066836;0.4216613000917046;0.700555370948875;2.628133709280518;2.6782826918928544;4.780243657314813;8.979693278538583;6.661301106674355;-8.535762947194716;0
53.39544807965861;55.63584637268848;58.672830725462305;34.938964570846494;35.63783325133276;35.04024816636222;660.0;98.91168665885925;0.8477320141848936;1.2142857142857142;0.9763313609467456;0.6932773109243697;35.41050297433532;0.40409696509548726;0.7639615478398598;2.376230799657296;5.175412206404316;6.5256618073402795;11.860836742116655;7.745389868114757;-11.926336947803698;0
53.322780203784575;56.886462882096076;58.30604075691412;39.23728200464213;40.156936389391895;39.8469763094469;2657.5;215.03657734394073;0.7222016218077839;0.9014084507042254;0.9491071428571428;0.584837147887324;39.99380066669933;0.41322331977806415;0.6976985852623899;1.8986567166366457;3.2509010075948246;4.307325760846802;8.09493397169871;5.264291337315935;-8.79285306926085;0
47.878321139776666;50.39699653446284;51.87139006546015;32.7699273131779;33.24904969428386;33.46260992091378;2510.0;202.65180218219757;0.7680378884517104;1.0847457627118644;0.9391955098222639;0.6647245762711864;33.281306213491476;0.4060502330881851;0.761794605752097;2.561351562787382;3.7940502277285573;5.444212963697216;-10.128786123781664;-6.92351554337951;-10.330398531632081;0
48.89958506224066;50.85172890733057;51.99612724757953;38.58255702523029;39.348120131315234;39.167717342482675;3473.5;331.1198379993439;0.3981133722835818;0.86;0.7292672685282385;0.4038953488372093;39.18189818248093;0.4089787068275198;0.5068908359804907;1.411685162370214;1.9173075958215742;3.124094947478407;-5.68833983907758;-3.911877562642425;-6.0151178268289875;0
41.921232876712324;44.471746575342465;46.1917808219178;37.5043462484165;39.64522751552438;40.15548804480332;1109.5;133.63960933685303;0.7806687154245774;0.673469387755102;0.9715411558669002;0.6861471861471862;39.50575371227025;0.4223299881726984;0.7336459361135683;2.0703816085134066;4.326667815893706;5.5797336058729385;-11.137057490745606;-7.080371042729608;-10.52827193766492;0
47.28919330289193;50.09360730593607;50.80441400304414;37.323446449983585;38.06514769479976;37.84662967526778;1256.0;137.1959581375122;0.8385266490258033;0.8913043478260869;0.98125;0.6659597030752916;37.944118585008376;0.3910954169883855;0.7611707078309162;2.347934623908522;5.378255769783682;6.5832733805589765;11.976408437959817;9.001672643685586;11.897188743403964;0
50.70367132867133;53.116433566433564;55.16853146853147;40.1438687262643;41.02638255564724;40.58156238411384;5489.0;533.7300087213516;0.24213627211665262;0.7886178861788617;0.6568932503590235;0.4600620233006454;40.78302898361511;0.4110158886809392;0.5278380200597282;2.558704465798384;2.299864469439562;3.293137372825833;-6.387673288375555;5.07372027330377;-6.153114270428883;0
56.68705035971223;59.663669064748206;60.242805755395686;38.33116175911216;38.9645685325329;39.181445221963095;1059.5;124.95331716537476;0.8527372707713153;0.9047619047619048;0.9769479022591055;0.6638471177944862;38.970205320506416;0.42354724627337165;0.7778699635057849;2.6924953628000736;4.568468883258502;6.476581321354122;-11.787280610355351;-7.82480614043497;-11.750160875014737;0
42.25337837837838;45.204729729729735;47.72905405405405;36.99486800701996;39.08921679340158;40.18249207522423;1416.5;151.0954531431198;0.7796930300339596;0.8461538461538461;0.98333911836168;0.6190996503496503;39.08336606320563;0.4187219978029492;0.7124093822784944;1.9191907508793626;4.79576287338723;5.993333960893823;-11.415384881570166;-7.086082920024711;-11.403849110017942;0
51.280575539568346;53.763617677286746;57.176772867420354;32.05520038005766;32.81226978390582;32.209737809077225;922.0;115.74011468887329;0.8649140824758969;0.918918918918919;0.981373070782331;0.7329093799682035;32.52901203698889;0.3952505999297637;0.780057715954747;2.6902322018050437;4.716703141009092;6.573683716446218;-11.807505870854099;-7.921669450390923;11.90934242240155;0
76.62276785714285;96.64508928571428;117.609375;26.467603503077324;22.306637845186668;18.634923089134187;412.5;79.35533821582794;0.823154815120412;0.8148148148148148;0.9548611111111112;0.6944444444444444;21.425053538432085;0.4004936643316812;0.781263462027558;2.872221792988665;3.9723338017494387;5.538256119341923;10.311432166866851;6.976093094514001;10.736262712435867;0
55.04196933010492;58.13317191283293;59.03389830508474;40.95622397339463;41.92634521913068;41.63838500649737;1183.0;129.88224923610687;0.8812416334788372;1.131578947368421;0.9825581395348837;0.7239902080783354;41.75727490834829;0.40967533199012873;0.7876938130949147;3.050926057046935;4.059669899080713;6.237636471346887;11.334782001056968;7.820917435954147;11.532823310731542;0
50.93949579831933;52.95546218487395;53.529411764705884;40.7314389722998;41.91779309228438;41.973305548236006;1133.5;129.63960897922516;0.8475317246512191;0.9512195121951219;0.9775765416127641;0.708880550343965;41.79281624206289;0.4013758861862271;0.7764489671984922;2.606836962603669;4.496196718059932;5.902478036974555;11.076715941332157;7.235344466063573;11.41509466517284;0
50.969733656174334;53.22760290556901;54.152542372881356;40.40830116543829;41.02906326335594;40.968817937220784;780.0;107.39696860313416;0.8498072277453734;1.0;0.9811320754716981;0.6747404844290658;40.94041166580214;0.4107286374785897;0.7636561023579915;2.3727003891946175;4.567370337146751;6.077720827354377;-11.543224028281422;-7.509599156133226;-11.34527982905677;0
69.06967537608867;91.76009501187649;115.20110847189231;25.206539835694315;21.815687818334187;18.95026031880687;1199.5;140.32590055465698;0.7654810435823569;0.8636363636363636;0.9504754358161648;0.7174043062200957;20.929168632128622;0.4014980888616074;0.7650814266476175;2.7397240255758684;3.274990898340008;4.688603324430686;8.676710215578995;6.136799832644699;9.433852905251591;0
51.07309941520467;56.14489928525016;59.11923326835607;37.443822129555315;40.636414525443676;42.66788969902236;2952.0;297.220342874527;0.41992250980967055;1.2058823529411764;0.7987012987012987;0.5294117647058824;40.7611334853475;0.42199643738485126;0.6295879914500305;1.7791669291655783;3.18978506478397;4.0956774288524604;-7.793089999213092;-5.024513734770536;8.064489048684404;0
54.69972948602344;57.676735798016225;58.32010820559062;35.037645732870146;35.65414229433166;35.251938298774036;2128.5;208.06601560115814;0.6178473911842477;1.4545454545454546;0.8905857740585774;0.755859375;35.44118815006112;0.41919093205339764;0.7114243795513845;2.124457050520511;3.866708509906087;4.79190640289717;-9.26607651307787;-6.160887741002797;-9.275869466195266;0
55.3221586263287;58.0874897792314;58.79313164349959;38.5381384990343;39.262639960175534;39.39215861706119;1165.5;129.98275482654572;0.8668634016427071;1.1944444444444444;0.9781787662610155;0.752906976744186;39.2392061425026;0.40492012435691727;0.7844190630357848;2.8383304715633733;4.506273595639564;6.325327651467407;-11.577558437057707;-7.80028509124355;11.752844026313888;0
51.62071778140294;53.49755301794454;53.96655791190865;38.631194591542446;39.67102168316122;39.40528145134476;1171.5;130.61017155647278;0.8629748858874987;1.0;0.9803347280334728;0.6641156462585034;39.41715469714785;0.40574507136060667;0.7748571176171839;2.5975201147918443;4.398137416718598;6.069211769465209;-11.41854392704365;-7.780608387731073;-11.29186179352007;0
54.253436426116835;57.468213058419245;61.47852233676976;34.03731573966167;34.50516451064239;33.53888678871337;2233.5;216.40916192531586;0.5993003543617271;0.96875;0.882806324110672;0.5628780241935484;34.14841267580216;0.4064188494307951;0.6706561717554251;1.8142846084517597;3.81883977043237;4.591996120997075;9.616851673275285;6.342666875109018;8.802142094605932;0
85.1954242135367;111.72449952335558;133.9494756911344;16.923225336853807;14.215734658473446;13.662495972476307;996.0;125.53910326957703;0.7941657588706764;0.8181818181818182;0.9604628736740598;0.6287878787878788;13.742646463636087;0.36871364881012386;0.7529441003569917;2.2962790745556045;3.935691091019977;5.256525531627498;-9.975103442562805;-6.464622159369418;-10.025411013364335;0
46.940054495912804;51.085831062670295;55.88760217983651;38.61636864041601;40.88744090505511;42.59264988816367;1402.5;147.63960945606232;0.808550143515427;0.5614035087719298;0.9849016853932584;0.7689144736842105;40.96730487626956;0.4349228750931983;0.7297206344996727;2.0332061771080268;5.254094683836517;6.527838745842028;-11.949871479922637;-7.929788243992588;11.866120149528632;0
51.48076923076923;58.277149321266975;63.98303167420815;29.79736757400578;32.91798904449294;33.932371279844354;834.5;112.32590067386627;0.831144213801127;0.6428571428571429;0.9806110458284372;0.7358906525573192;32.744095964305465;0.418809900308559;0.7500849978956058;2.209539716534242;5.315610828062627;6.424056374088697;11.825470886199982;7.557920487649023;11.951909392696702;0
51.46146616541353;53.55075187969925;55.71804511278195;31.07858128022758;31.758476155277883;31.377842463786045;1009.5;124.81118190288544;0.8143464280080575;0.75;0.9753623188405797;0.6952479338842975;31.574067381623127;0.3888217532636773;0.7713695277356951;2.579583757465564;3.8855263739613894;5.872386640498653;-11.024550284465823;-7.71827953049842;-10.78030486851018;0
58.22420634920635;62.00595238095238;64.03670634920634;33.89715610239943;34.202361787905076;33.63343541835646;956.0;119.39696860313416;0.842715836267514;1.0555555555555556;0.9835390946502057;0.6988304093567251;33.95512535044692;0.3958442616992054;0.7651278040483579;2.401280494040817;4.995111253358364;6.699523395050864;-11.891607512234417;-7.924583437935159;-11.993475105505244;0
51.09366391184573;53.211202938475665;53.815426997245176;36.449197903468814;37.19068851891155;37.11241578929592;1034.5;125.63960862159729;0.823544762018932;0.7333333333333333;0.9791765262659725;0.6966329966329966;37.0792735717485;0.4033512574406128;0.7542045095106388;2.251691768730696;5.034219591515927;6.271321681521352;11.679073006963211;7.450706313599935;11.832295437344746;0
54.83286908077994;58.49396471680594;61.01021355617456;35.117681405425664;35.51553220271674;35.06125277691596;1022.0;123.74011409282684;0.8387639100718771;0.6666666666666666;0.9845857418111753;0.7570370370370371;35.319965738094076;0.4166147691057783;0.75257871638791;2.234061207022178;5.021889406881271;6.446943070928933;-11.891496801965573;-7.812558887104839;-11.797419996948483;0
49.50042844901457;52.414738646101114;54.073693230505576;35.676540646700175;36.252627674113214;36.037156660022;1110.0;131.0538227558136;0.8121447770700854;0.7608695652173914;0.9801324503311258;0.6894409937888198;36.08671219768085;0.3858802898369508;0.7488609953134998;2.2054818505045715;4.365584367182338;5.644091890709383;10.774929603441498;6.961091181861929;10.77090133806453;0
70.756;97.144;126.848;22.96816196390124;21.10476875021379;21.014111829910874;223.5;60.52691113948822;0.7666380475615461;1.1111111111111112;0.9254658385093167;0.6208333333333333;20.564785435301776;0.40152346326014904;0.7592623453168252;2.695025975791597;3.1839463302762048;4.748127622608159;-8.734039944894498;-6.09569864617901;-9.240049640088511;0
51.33150105708245;54.93488372093023;56.39238900634249;35.0359772998816;37.43330628584175;38.65793974992897;2270.0;224.45079100131989;0.5662307369749223;0.8695652173913043;0.8527422990232908;0.5483091787439613;37.47289905971259;0.4192622362894889;0.714850009736835;2.129373738969826;3.8070140353233346;4.713746108963859;-9.343981274487252;-5.933176765451015;9.017108762419742;0
45.62725306416726;47.80677721701514;48.95602018745494;38.3349587531505;39.3821992541351;39.027178125849524;1325.0;143.53910398483276;0.8081375384936336;0.6792452830188679;0.9789434798670115;0.6944444444444444;39.139525124285655;0.414819795292507;0.7443571684395967;2.1538948826836535;4.6979148277594955;6.125545416969229;-11.417953598154458;-7.209473215015157;-11.77305525843498;0
60.18140068886338;67.52066590126292;71.95005740528129;37.06713954863803;41.64350891421862;45.40324906687928;1659.5;184.12488996982574;0.6151232183104278;0.8909090909090909;0.8693033001571503;0.6157699443413729;42.0089621577354;0.43645001749885437;0.6965706170437002;2.0334427780535678;2.8584065467519335;3.8267884710731424;7.6681666764466305;5.875193209728098;-7.192391606891564;0
56.2483537158984;60.515522107243655;62.01411100658514;31.114065547598948;31.46578266507165;31.153200608013666;1012.0;119.88224911689758;0.8848723244562777;1.054054054054054;0.9815712900096993;0.7013167013167013;31.315465946446274;0.4087884855541727;0.788324351012167;3.0677466575828967;4.312514597643976;6.164693584552753;-11.576017931325378;-7.966971910999438;11.338391192250784;0
59.384539147670964;65.16551040634292;67.65312190287413;36.27320075446799;36.22158651679956;35.892535791389555;957.0;116.91168773174286;0.8798445368988091;1.1515151515151516;0.9855818743563337;0.7631578947368421;36.12855309397001;0.41733662738328503;0.7848397966754146;2.8835300719966797;4.132191287360187;5.857636953212311;11.093369247141682;7.723012853276367;10.881548010148029;0
56.93333333333333;61.03431372549019;61.91862745098039;32.530098682011975;32.83069760028233;32.974503609792016;965.5;121.49747371673584;0.8219164007231018;0.7142857142857143;0.9679197994987468;0.7662698412698413;32.84928072480234;0.39858509052810287;0.7673760100731019;2.467245788763043;4.955041889259605;6.554447115269339;11.839162508700571;7.7907332749763585;-11.920940675588783;0
52.24822134387352;55.46798418972332;56.650592885375495;35.463727040055446;36.10895844698697;36.28986903407271;1204.0;135.74011421203613;0.8211451467552482;0.6875;0.9748987854251012;0.76010101010101;36.0679849693911;0.405253590924692;0.7576015526942497;2.304838062644878;5.69814986825882;6.658103316366558;11.947519004784997;7.839771787401498;-11.971025086227314;0
57.0041568769203;64.76070847641424;70.02747153442978;34.208171108833106;36.56060673156671;39.32343472286639;5305.5;537.085347533226;0.23112641030354766;1.1308411214953271;0.6504229496138286;0.4097860508225844;36.83658361419665;0.4336043821155108;0.4553465644246165;1.2357465733819244;2.9851626112021936;3.728824198436604;7.099981100209978;4.361752353103444;-7.685550675001769;0
44.06693830034924;46.350989522700814;47.90104772991851;37.17531775717057;38.26688761334316;38.480565057498865;1647.5;160.1248905658722;0.8074536376337671;0.6;0.9838757838160644;0.7627314814814815;38.177870713707904;0.41842688136854317;0.7421194201359673;2.132979794601725;4.902675559933668;5.962447391996162;11.30851155579867;7.041968176886433;11.71105076131957;0
48.70623742454728;52.25687458081824;52.878604963112004;32.69017343632612;33.9213061079925;33.14924715870145;1426.5;147.29646372795105;0.8262224645491463;0.6363636363636364;0.9817618719889883;0.741038961038961;33.53425975737551;0.4032401616689666;0.751314678640896;2.222669987564124;4.950702135944019;6.0959109520096995;11.471345583788516;7.210855468174981;-11.87060851026853;0
53.88200934579439;57.67757009345794;58.72313084112149;33.65702983991266;34.93175939823675;35.10177761975871;808.5;108.32590043544769;0.8658153335190466;1.1612903225806452;0.9746835443037974;0.7244623655913979;34.825370095748845;0.4037342914882353;0.7862510277109112;2.8782977759965798;5.14549967888169;6.867843899568277;11.945607948961486;8.307488728188492;11.998043562976303;0
49.47328881469115;52.96577629382304;54.70283806343907;33.13452931243054;34.036580498684735;33.8497639503041;1142.5;130.9533178806305;0.8372074032877799;0.8444444444444444;0.9802659802659802;0.6681286549707602;33.8196655979924;0.39783921633611385;0.7641720445615088;2.391471916149855;6.631768230239021;7.939991427786225;-11.999761061935388;-10.151516445205639;-11.999902473959137;0
49.23463687150838;52.904407200496586;54.3941651148355;29.408015089386073;30.43307601765327;30.42797058035228;1544.0;156.02438628673553;0.7970254589610805;0.8627450980392157;0.9566294919454771;0.6880570409982175;30.294982197125865;0.39598089245569;0.7747658014048624;2.824562617770131;3.861314186603406;5.2829764074949175;-10.705784051827045;-7.093486588812734;-9.855920947820618;0
55.23660714285714;59.324107142857144;61.558035714285715;34.961487728682336;36.04108951088154;35.9179649101176;1066.0;122.56854104995728;0.8916800198671996;1.1428571428571428;0.9820359281437125;0.7614285714285715;35.83184311957261;0.4152691950710983;0.7938652846802319;3.4637137270113763;4.668432206699382;7.16773279235524;-11.97815555524503;-9.164415362199804;11.97312808926129;0
70.57754898704749;88.10362005978081;101.42975755562937;34.42067224240736;43.57264181524546;51.738779714809645;2892.5;274.35028529167175;0.48291689472903815;0.9397590361445783;0.8359826589595376;0.4467871485943775;44.588319727117906;0.42398339028437515;0.5359466826792559;1.310957566515526;2.9165369559495895;3.756214251072024;-7.678308808136823;-4.595778241259254;-7.107731557722635;0
55.134345794392516;58.03271028037383;57.92289719626168;31.341716814650905;31.85020951148373;31.425235989994004;808.5;109.1543276309967;0.852722987269857;1.1935483870967742;0.9770392749244713;0.7048823016564952;31.65708962684035;0.4033896255944317;0.7759080821061969;2.582614118929177;4.984894610357071;6.528657755147406;11.909706708320645;8.165049201183216;-11.834487618335723;0
57.4494066315333;88.8654794916613;139.76584090102642;18.08715935749604;19.780411027179536;17.518650329046775;376652.0;7658.676186919212;0.08069427545707769;0.5625;0.2620186003348867;0.2615638888888889;18.7181556045585;0.39120061626905456;-0.14688587059136152;0.01975451098797692;0.8486681564214814;0.8247673252595218;1.6617267504462887;0.8653731410234231;3.1383587805023603;0
141.74786805555556;157.9542111111111;177.32081597222222;75.5281225971207;65.20912993582853;51.732119187051694;1437501.0;4996.0;0.7237243086908248;0.5625;1.0;0.9982645833333333;61.23513439024588;0.45315385573580247;0.7098040748404366;1.9881978549071644;12.0;12.0;12.0;12.0;-12.0;0
55.94586312563841;59.41879468845761;61.42288049029622;34.49090020396886;34.592894199366896;34.472634666276115;927.5;117.15432751178741;0.8491943801982146;0.8461538461538461;0.9809624537281861;0.7206682206682207;34.52268781636531;0.394897509824653;0.7678599868548307;2.4321915835827546;5.083775507435348;6.388775393606905;11.757376187344928;7.604987775812985;11.980069838890731;0
54.75;57.478134110787174;60.50801749271137;38.194294313101295;39.311645838851256;39.097218587995364;1312.0;142.0243854522705;0.8173684338769219;1.0454545454545454;0.9783743475018642;0.6482213438735178;39.074021308766255;0.40114136834663994;0.7511818645899924;2.228593009933965;4.411944053150519;5.65086375660776;10.685482983900645;6.8022344434288655;-11.106394767129009;0
51.5296875;55.59609375;66.59609375000001;32.86481391476834;33.59810937376118;32.12952522200128;1222.5;134.95331847667694;0.843512640919434;0.9318181818181818;0.9764376996805112;0.677660753880266;32.968648094851396;0.39564798794431655;0.7739452584784432;2.5633577282619995;5.136533029515274;7.173099046419491;-11.99793293688152;-9.090367794635327;11.980155055807412;0
65.63178294573643;79.22093023255813;97.95581395348837;30.426555324488007;30.92331143057519;31.705139599923857;1232.0;133.0538228750229;0.8745121699112521;1.1025641025641026;0.9808917197452229;0.7346451997614788;30.666532682865462;0.4327639949351022;0.7888610804687779;2.9916758229247353;4.7774805328126115;6.869139409795547;-11.983289303199827;-8.98229421690412;11.921109295696374;0
56.99946666666667;64.3968;76.88426666666668;33.434887962260134;33.914329563769954;37.596424552461;1796.5;186.0660150051117;0.6520831420326999;1.3111111111111111;0.9000501002004008;0.6766478342749529;34.26478714015308;0.4298461510455649;0.7207274812675374;2.1632993283237947;3.3261173747802726;4.593393221299969;8.569138785472774;5.676946567817504;-9.124868128636823;0
49.95817120622568;53.775291828793776;59.21011673151751;33.446618153652174;34.164216216121744;33.51178163790588;977.0;119.05382287502289;0.8661991176572041;1.027027027027027;0.9843828715365239;0.6948790896159317;33.82802826332996;0.3778651227887046;0.7691163910937084;2.455084625456576;7.000113314621522;7.885947675702724;-11.999967314869517;-9.664443596863263;-11.999799098724;0
53.39473684210527;55.91140350877193;57.93859649122807;35.20942816843654;36.05831110554888;36.22570210178127;1085.0;126.22539591789246;0.855748445811144;1.1081081081081081;0.9823449524671797;0.7152274225444957;36.00576438922076;0.3953943405158835;0.779201792313982;2.6630282710363713;4.892027390515152;6.5427558470450915;11.860853581278322;8.026123708478314;-11.854202350313088;0
77.80440771349862;99.07162534435263;120.60055096418733;28.10434673926673;28.26069790572389;25.6707849665406;331.5;70.52691125869751;0.8374977872874737;1.3157894736842106;0.9678832116788321;0.6978947368421052;27.13849846520405;0.41993822179153106;0.7741175082737337;2.617473733247699;4.009580207746174;5.921864978311996;-11.033357173633911;-7.424231827912962;-10.959451023590981;0
52.960877862595424;56.590012722646314;57.92589058524173;36.81068835741059;37.387543536647705;37.56240664934604;3014.0;296.1076457500458;0.43197028128811915;0.9069767441860465;0.7936800526662278;0.449314251639833;37.36274897632091;0.410098815094844;0.5338087833049121;1.2948699456825814;3.0901101724254247;3.312029477466613;6.516439484219019;3.9712085160819415;7.421156012174244;0
55.6025641025641;59.553113553113555;62.91208791208791;35.79118203376486;36.65463404899161;36.21058625842857;1039.0;123.05382251739502;0.8622539517232902;0.925;0.9829706717123936;0.702027027027027;36.390088320249525;0.40945244651835017;0.7755517185774776;2.5744006931721453;4.810339236349757;6.469329633548931;-11.750191481681158;-7.757159377892706;-11.991626632588003;0
59.869787234042555;64.17531914893617;66.49446808510638;38.08803997735287;39.057664780291645;39.17025265175312;2249.5;235.03657710552216;0.5117112369744112;0.8026315789473685;0.8247479376718607;0.48522433132010356;38.971086086314614;0.40722363829544483;0.5656406819384188;1.4257119935134106;2.9235620138390024;3.8428922528916183;-7.248315923320937;-4.596386039177335;-7.732262806587026;0
53.405235602094244;56.317277486911;58.5607329842932;40.311044227662975;41.89019384333156;42.08190999943968;1815.0;225.2792183160782;0.4494115527113079;1.5434782608695652;0.8183047790802525;0.5557256582976118;41.72383776925638;0.4115071507820174;0.5649308047159176;1.4297752058232143;2.992725049161764;3.937392466576888;7.5113270191727555;4.79750574905683;7.604491691745084;0
50.735539568345324;54.232230215827336;56.53640287769784;35.8001083590792;37.273523653254585;37.99175277803135;3337.5;318.1492758989334;0.41435182892839234;0.65;0.784740183399953;0.5134615384615384;37.30771925276142;0.41562366478656443;0.5408273033605074;1.380598194842593;2.5868732037685946;3.093594292886184;5.976103148376717;3.847107883746859;6.309954779495317;0
54.00564288593309;57.89681580008062;59.36074163643692;33.147052573594635;33.58825287950095;33.670871448977486;2390.5;204.2670259475708;0.7199495763717784;0.7777777777777778;0.9296130663037138;0.7743764172335601;33.547773749467716;0.39932224746682304;0.743225600096411;2.3138823593940314;4.498436697350362;5.745322809001816;-10.893252488918968;-6.902388041940278;-11.11133017757741;0
46.774079874706345;49.58809710258418;51.689506656225525;33.156546201692116;35.226688855663355;35.10629779933457;2449.0;234.5096664428711;0.5595992854075996;0.7894736842105263;0.8388422675115602;0.537061403508772;34.914871908700654;0.41753673797239577;0.634199935661238;1.6732045700257099;3.6040918866652962;4.390559780681293;-8.42669635855899;-5.291263333234388;8.78004962018613;0
54.80599144079886;61.82310984308131;70.71897289586306;33.87114996647266;34.07430969930821;32.30197296502073;657.5;99.49747359752655;0.834606022596132;1.2142857142857142;0.9711964549483013;0.6906512605042017;33.43712467284303;0.4129584745698458;0.7726405765061052;2.540538968310623;5.3453427460874865;7.045991494257718;11.977461479625726;8.317545723605015;-11.990897418347881;0
47.67828200972447;48.66288492706645;50.55267423014586;36.25657351629514;37.04099704405316;37.065878057685715;1175.0;133.39696872234344;0.8297663312375988;0.7021276595744681;0.9755085097550851;0.7575757575757576;36.91604482621038;0.39369385323729256;0.7615729030069389;2.3591139514058246;5.6088788161758085;6.829119269131502;-11.975604762684409;-8.28360519692352;11.971280410660539;0
60.19782038901917;69.4167471375362;77.8128017657608;38.55666844644133;43.00879423027214;47.86373172881958;6996.5;588.7422028779984;0.2536532116065806;0.863013698630137;0.6739067617029474;0.3803272450532725;43.561878139899896;0.43950762487659834;0.4890721862574046;1.3162190642651914;2.0384528565066766;2.8340281262428233;5.492897386935959;3.8909935025566798;-5.366740921843492;0
57.801141769743104;61.81921979067555;63.03615604186489;35.075878584135;35.28073697209598;35.220153414444724;997.5;121.15432810783386;0.8539744976183161;1.1142857142857143;0.9750733137829912;0.7307692307692307;35.240020772441795;0.4073308891703105;0.7834918392323312;2.795403496125269;5.5794818746714006;7.237155910970214;-11.991058423629752;-8.678211423474599;11.99615732216659;0
46.266294227188084;48.911359404096835;51.60335195530726;34.98104088592519;35.75912017140807;35.611103293459365;2586.0;231.6223635673523;0.6057276610600962;0.8051948051948052;0.8831967213114754;0.5416841223292836;35.631723677336964;0.3932522903050885;0.6471770474484876;1.682081386035548;3.4463703971864357;4.5682360868349035;8.660347749258444;5.482920000877945;8.820020580846581;0
53.08743169398907;59.282165921510185;62.7317436661699;32.056369656897544;33.9204581521265;35.76600654021829;3873.0;356.190905213356;0.3836115799141753;1.8548387096774193;0.7340092864588269;0.5431977559607293;34.09812276446063;0.4217297079538272;0.48274719001440236;1.1960332239441294;2.296203491115425;2.7521768619940934;5.315598666558217;3.3964836489093164;-5.667245942716343;0
52.70210631895687;56.045135406218655;55.6469408224674;34.44464874342455;34.90058913934751;34.86264383225159;945.5;119.63960886001587;0.830082825152779;0.9736842105263158;0.9747422680412371;0.672475106685633;34.81114338659328;0.4034791308545239;0.7632679961387712;2.383172257388456;4.423375830124754;5.887300737535691;-11.075579871505322;-7.11766955110004;-11.205390584350575;0
49.38779268613523;52.79373848987109;54.99052880820837;34.63484259216446;35.760274540262856;35.94729859830886;3663.0;327.0193336009979;0.43042741445195604;1.064102564102564;0.817086772250725;0.5658016682113067;35.660795264322765;0.41298969213875514;0.679682144216563;2.1047942648425697;3.8610279804554355;5.330270499267453;10.488389144855713;-7.101920126805795;9.938002561350052;0
49.769439421338156;52.33001808318264;53.625678119349004;38.89286307820406;39.994151283523536;40.27782170257411;1051.0;125.39696848392487;0.8399211266250619;0.7111111111111111;0.978584729981378;0.7298611111111111;39.95892276701006;0.40574275568220014;0.7676466739429941;2.437718896546846;4.51158969882515;5.971880911146696;11.191653550923908;7.260915060261053;-11.419315628932255;0
51.74992389649924;54.06560121765602;57.07549467275495;40.02822087613497;40.92908580485501;40.7834511358628;6382.0;446.0731551647186;0.40304588159775767;1.0087719298245614;0.786057396231063;0.4868039664378337;40.77828300576584;0.4171428780905977;0.6754071899680807;2.3808517707270878;2.9015520235625423;3.7389508588751847;-7.45877583796317;-5.099055749613346;7.0967451170955655;0
56.83741648106904;60.35746102449888;61.40757238307349;31.411668898537602;31.950411449179576;31.746224167530464;847.5;112.66904664039612;0.8389582167436838;1.4285714285714286;0.9758203799654577;0.7566964285714286;31.81299588624744;0.39133469905557816;0.7601958713475587;2.3416295120311896;4.337440641863214;5.744084521025264;10.81602138097467;6.992662008046806;11.041077674608056;0
56.691342534504386;60.567126725219566;61.31869510664993;43.61135058621995;44.992480324180015;45.34865700214566;750.0;106.91168713569641;0.8245571488063164;1.4444444444444444;0.974025974025974;0.7122507122507122;44.89451708466004;0.4122361397439786;0.7562225977122272;2.3003820429483133;3.9906612639513224;5.240685417618933;9.88060050001776;6.461896248386614;-10.30933557698026;0
50.75138435325856;53.50859008945052;54.287661507880166;35.219515411149395;35.89600007359437;35.77976078468957;6816.5;532.6000665426254;0.3019735261989648;0.7397260273972602;0.7547890599047724;0.4322995941146626;35.789810195913574;0.40132229435848304;0.5402618650989546;1.4725017348005518;3.471281214587055;4.312958132971837;8.217911443822395;5.1169374070647855;8.824200849493595;0
50.50181248163025;52.545997844616444;54.735965513863036;40.12717819322802;41.04436346343239;41.20857088041368;9875.5;767.4528776407242;0.21070047740646128;0.7114427860696517;0.5398513092439731;0.3435793062658734;40.97962104689501;0.41898253422680143;0.43119456434001935;1.6760895681423706;1.3764731065118798;2.471522958315018;4.426668708223112;3.3106175706098693;4.832572662189099;0
60.82528891910265;72.99388171312032;87.0448674371176;34.53572913443675;36.32022904698475;36.21434263296748;1408.5;143.29646348953247;0.8619771846112234;0.8333333333333334;0.9842767295597484;0.73359375;35.767201951849536;0.4396448229036841;0.7728269628998037;2.538231779906706;4.209593631514389;5.680478501981274;10.68803401686079;7.042866192001739;10.84072927049444;0
52.012645914396884;55.13424124513619;55.3239299610895;36.54618148229556;37.380724379867104;37.77775387787569;976.0;119.396968126297;0.8603458815551005;1.3870967741935485;0.9828801611278952;0.7321830457614403;37.336349487370136;0.4021240567210442;0.7752760126123748;2.5673786847055284;5.27721316921299;6.781981597658754;11.971197189579902;9.294260189157404;-11.943763385363669;0
44.272411396803335;46.063933287004865;47.785267546907576;37.901386388291826;38.73048046233567;38.8395842695938;1374.5;148.12488996982574;0.7872243639650665;0.6545454545454545;0.9800356506238859;0.6941919191919191;38.70240889952705;0.3956648827075761;0.7278495568040959;2.0196500583627066;5.907474568943558;6.97250555426575;11.988495416986671;8.17753778575347;11.988070371178553;0
52.206376811594204;54.7768115942029;55.99710144927536;39.70985005285639;40.608109937949905;40.39854341976925;1654.5;169.23758780956268;0.7259103395551454;0.7796610169491526;0.9308016877637131;0.6096168017686072;40.42579541285001;0.40902025452142776;0.7405643948258855;2.240968100478191;3.57932036977897;4.826181274023508;9.038160179822736;5.979975256316207;-9.706486081523197;0
57.63145539906103;61.78403755868545;62.110328638497656;38.725655339191945;39.273512184231414;39.1049152966923;805.5;107.9827550649643;0.8680936933371656;1.125;0.9805234327449787;0.69921875;39.14876210630582;0.41928169368908363;0.7817821031854327;2.719283536017775;5.19462166820967;6.880780183175238;11.982652917106686;8.866970897345224;11.953288168240947;0
47.04611330698287;52.17786561264822;58.03530961791831;35.49886498276953;39.08954262642974;43.41476063481083;3654.5;322.4924215078354;0.44156923099806156;0.6274509803921569;0.8135574354407836;0.5598192401960784;39.71198576794979;0.4233004947170754;0.6102863490278019;1.670161294817398;2.56671785203786;3.44865010664219;6.480867524176805;4.284498667790603;-6.941968506723715;0
54.43126550868487;57.45657568238214;59.26352357320099;41.19584786151103;41.84432896091994;42.037246092583885;1924.5;211.72286975383759;0.5395009771581202;1.169811320754717;0.8530585106382979;0.5856664637857577;41.82104271258924;0.41133534701752517;0.6750561148965467;1.919133920683111;6.009515375217342;5.719887755756038;-11.681457959196544;6.782753317867422;-11.472768833678497;0
51.884359400998335;54.75623960066556;54.80948419301165;39.26859306064254;40.1125867504139;40.24956848995351;1145.5;129.63960909843445;0.8565042689038359;1.3529411764705883;0.980736301369863;0.7324168797953964;39.973793086339526;0.4011999556228161;0.7758665079623348;2.5837090858459337;4.56554720867286;6.094881158703759;11.331762502088893;7.409624143703731;11.73108914601404;0
56.42827287654873;59.16271085236602;61.94655918793849;41.59056663340944;42.1524338860217;42.15012526538793;6492.0;485.7300099134445;0.3457789111947794;0.6486486486486487;0.7652952964753036;0.45692567567567566;42.057987544117736;0.41827360381100825;0.5432571207926238;1.416860951596696;2.197100271552245;3.2551585694551326;-6.340463049428153;-4.220024598184343;6.027385884613602;0
59.40966183574879;62.68019323671498;63.5951690821256;39.14852559685207;39.74937357342333;39.735446104773075;984.0;121.53910458087921;0.8370914336111522;0.95;0.9694581280788177;0.6473684210526316;39.72424611814932;0.4118079915935791;0.7736674668023558;2.5651084384188683;4.567581504655542;6.278238172906361;11.848234960821486;8.612128935249016;-11.530836399443729;0
75.92634560906515;94.17968433832456;108.03237555645488;34.90401125921411;43.19758853527084;51.984842800587714;2378.5;219.86500358581543;0.6183022193096941;1.411764705882353;0.8823965869040994;0.647739651416122;44.44464954011514;0.4292127825070658;0.7041667152298313;2.088664168259324;2.9162952132847964;4.214104849883788;-8.720256351898648;-5.943748038247343;-7.782144472431259;0
44.15890613451589;46.42350332594235;47.74575018477457;36.72764701918992;37.689715549957256;37.85519672047906;1290.5;142.46803605556488;0.7989746457450237;1.4166666666666667;0.9746978851963746;0.7028867102396514;37.624895023146905;0.3994063259483787;0.7449043856167588;2.1687519972303093;4.391618092372693;5.816874836252148;-10.887696990740148;-6.904147013533468;-11.701928335613465;0
56.145305514157975;59.48211624441133;60.2414307004471;37.064376522786745;37.92646299384438;38.14379586225927;1273.0;161.68123960494995;0.6119543231325172;1.358974358974359;0.9387905604719764;0.6158684083212385;37.86012558600517;0.4062975122685889;0.7496902252188062;2.2585283613092138;3.9324845673510476;4.739803021459759;9.076966405734774;5.870922260283219;10.145449678052596;0
56.736343772760385;61.24617625637291;62.42534595775674;34.00855207603852;34.15361800796156;34.03855401564653;1314.0;140.0243856906891;0.8421663357289589;1.2564102564102564;0.9780424264979531;0.6875981161695447;34.10086848983171;0.39992854668618544;0.7721654046025967;2.5212398674208263;5.58321606770352;6.861547204470555;-11.995620171109199;-8.321595193526225;11.965852693783404;0
53.11770428015564;55.79377431906615;55.481517509727624;34.072889907319045;35.22808229598325;34.93672224352606;976.5;118.81118214130402;0.8692955923542272;1.0;0.9809141135107986;0.7132943754565376;34.93672224352606;0.39799973668941974;0.7846530655437701;2.847586208210755;5.183516837188423;7.449856250581419;11.995789677540003;8.935612036162153;11.993929938527348;0
45.34131736526946;47.645209580838326;49.889221556886234;38.96463504119206;39.519606190586885;39.53918321834259;1277.5;137.78174436092377;0.8456436952626573;1.0232558139534884;0.9774292272379494;0.6752114164904862;39.480322286239094;0.3811603611684816;0.775713207320973;2.6011492454926746;4.834680537390511;6.445616788972065;-11.762391939741207;-7.859425245273015;11.860560235557942;0
56.68475991649269;60.68997912317327;62.560542797494776;38.39410507192871;38.699782920846594;38.58185437444;906.0;116.9116872549057;0.8329562768367401;1.4137931034482758;0.9741935483870968;0.7619848612279226;38.63921707702444;0.4029372373854061;0.764768664126031;2.4302439484509217;4.02376846623238;5.559021246205474;-11.665933260979005;8.576092895984603;10.340934892156499;0
55.77984496124031;58.56899224806202;58.9953488372093;38.585267260812934;39.15964502149171;39.28090026531351;1231.0;133.39696872234344;0.869312641492327;1.1891891891891893;0.9848;0.7561425061425061;39.11212734560046;0.4002261568574355;0.7788340092907005;2.6559858898595126;4.680690157357576;6.430211342881272;-11.692737933219997;-7.759733691505619;-11.959406586397336;0
60.928000000000004;67.032;72.34177777777778;42.416539415657226;45.85647026199124;49.583089289657615;2156.0;218.30865609645844;0.5684819871672963;0.8615384615384616;0.8632632632632633;0.5923076923076923;46.32960521318821;0.4356180882205093;0.6998466890942774;2.3222093551534675;2.5690650236605124;3.610644280403329;6.790465472426884;4.947742488483381;-6.9352590216153365;0
58.62397820163488;68.52316076294278;75.79237057220709;36.63109074600466;38.51355093039895;40.99394447996146;1744.0;213.9655101299286;0.47870591925318845;0.6615384615384615;0.8121071012805587;0.6239713774597495;38.76208160712303;0.4379344525366562;0.633144557520112;1.7557810614781486;4.16096661860926;4.6661106043946505;-9.603570698728822;-5.650294501401547;9.09930839359086;0
58.87764390896921;66.85341365461848;72.12503346720214;36.20794503058299;41.127474291849666;44.88678785635922;7225.0;562.5584362745285;0.28688803226166226;1.7653061224489797;0.6089338390223346;0.42615312020762064;41.35831672584836;0.4308793574434929;0.3924706075130596;1.0752041219676969;1.6599025488484205;2.5563579829113987;-4.69164211724448;-3.12758813485807;5.129384806771571;0
56.888625592417064;60.46682464454977;62.69549763033176;41.3060696170736;42.24976613258763;42.07323707901338;795.0;110.08326029777527;0.8243932473963116;0.675;0.979064039408867;0.7361111111111112;42.08990490884906;0.41859203510100557;0.7533977318983396;2.258618593778128;4.175127756211715;5.6215410002245125;-11.46402535760488;-7.415153143841686;10.507102291647143;0
54.58496395468589;57.0669412976313;58.12873326467559;38.40764251522717;39.12946438851788;39.12054449240186;919.5;115.49747383594513;0.8661969032283366;1.1875;0.9797549280767182;0.7561677631578947;39.03634437734607;0.4017070396859564;0.7776256113010108;2.6814856764063286;4.259091980783359;5.819946391286122;-11.108529014926168;-7.6134822933146955;-10.88476983900571;0
53.40135287485907;56.294250281848925;56.83089064261556;33.83701765332489;34.50539883376122;34.39695710297748;837.5;111.49747347831726;0.8465734163743887;1.125;0.9778166958552248;0.7269965277777778;34.38629544393865;0.3970974579057982;0.7707898926458239;2.4972521186869785;4.778056157676742;6.272102146047377;-11.677122864772697;-7.631761848692682;11.667107566685885;0
59.61164705882353;64.66905882352941;69.23341176470588;41.914393213592696;43.84487100256799;46.73203072218008;8190.5;735.0508563518524;0.19049584298486555;0.460093896713615;0.607333531069257;0.3923780779917601;44.22051137394287;0.4258781362611813;0.4048488209856139;1.0228008567017872;2.109135337730786;2.8247649044722007;5.354024175588277;3.519810342746413;5.5932259229864885;0
60.696687370600415;63.8312629399586;64.49378881987577;37.336727090823636;37.86050313422708;37.52867037529581;914.0;116.91168749332428;0.8403112957214623;1.3333333333333333;0.9723404255319149;0.7616666666666667;37.732684396341575;0.4099693573426275;0.772291962283866;2.5180449556857583;5.281643817828761;6.769513316378058;-11.942545883718568;-8.059213204596375;11.968426146245427;0
58.74874371859296;61.39028475711893;64.34170854271356;40.70217670517154;41.11232038195603;41.025817982515385;1137.5;129.6396096944809;0.8505225638753744;1.2222222222222223;0.9806034482758621;0.7181186868686869;41.03280031332924;0.41145196936905026;0.7706441646819636;2.506674219064951;4.126462613758967;5.6791315046499955;-11.002588733198523;-7.234481794142573;10.59154670546689;0
51.962777604003755;54.87550828902096;56.45792930872693;37.556224436322694;38.10281291024517;37.92454847136567;3093.0;246.5929274559021;0.6391879090081072;0.8904109589041096;0.9167160640189685;0.6518440463645944;37.989236298331925;0.41126211816094566;0.7311661978199866;2.341583857963365;3.0064053112303943;4.857230727685275;-9.282434229120517;-6.234182892336248;8.81229756111241;0
47.72936507936508;50.58174603174603;55.8;36.79372696590169;37.62246226382107;36.64561733469999;1202.0;135.53910374641418;0.8222144643861927;0.7346938775510204;0.9744629104175111;0.68140589569161;37.22086580768807;0.3925426820877824;0.7530946117660794;2.250175416397233;4.812898777695118;6.032099092230281;11.890157862102054;-8.588416423551296;11.346889204133015;0
52.629552549427686;55.33714880332987;54.98855359001041;33.87597690621272;34.55250967523409;34.477018452032944;912.5;113.63960921764374;0.8879392912958575;1.0;0.9859535386277688;0.7040895061728395;34.39482061024061;0.4016188447649638;0.7835343314374429;2.789904134023991;4.743856869067609;6.694244428924358;-11.978386855025553;-10.187544204789516;11.85926726061394;0
59.908275174476564;63.45463609172482;62.616151545363905;36.15990797115788;36.84099495418832;36.5145079451106;949.5;120.32590079307556;0.82411266770533;1.4333333333333333;0.9793708096957194;0.736046511627907;36.62506338336599;0.40587225367095525;0.7537726053723288;2.2469879267027606;5.511287446388107;6.691628481469522;11.9352821049217;7.815487067928304;-11.995502073748721;0
56.01654676258993;59.04748201438849;59.32230215827338;38.15808295171512;38.770092179624534;38.80302228673634;1328.5;140.46803629398346;0.8460896850979468;0.7551020408163265;0.9808047249907715;0.7327633756205185;38.69586794684439;0.41200836667457713;0.7732637749047065;2.535649932170076;4.785752666917957;6.321370742111046;11.656515141215399;7.6254441785201275;-11.80386691106227;0
51.30725346373268;54.36185819070904;55.63243683781581;39.949286978735316;40.798981791345426;41.1975504788266;1169.5;134.12489020824432;0.816942201231144;0.75;0.9815358791439363;0.6767939814814815;40.773945607077735;0.4051083021769314;0.746351151846802;2.1765880622016844;4.567710388359935;5.925434001526231;-11.296317881584029;-7.174417542162384;11.195783710457807;0
71.73089700996678;103.47508305647841;131.58471760797343;18.06477847786983;14.5801784988918;14.15729032825587;269.5;69.69848430156708;0.6971431523917125;1.3888888888888888;0.8998330550918197;0.5988888888888889;14.138829198286974;0.3647704916359067;0.7463199741605175;2.339407957123103;4.053196332085505;6.218170685989813;-11.311545076489839;-7.591355010002946;11.504223079053947;0
61.06297872340426;64.75744680851064;64.12255319148936;38.23525542068022;38.72051380374358;38.431086179947826;1119.0;131.53910338878632;0.8126998808012357;1.1842105263157894;0.9764397905759162;0.6543859649122807;38.564271518526574;0.41305958005228466;0.7510751693453627;2.2515989399036487;4.205313568547641;5.477717737701697;10.71353501892009;7.051691959703604;-10.34389011911531;0
49.510040160642575;51.93975903614458;54.451405622489965;36.988798092608214;37.573152017795614;37.35827096736158;1188.0;135.19595766067505;0.8167683337832866;0.8695652173913043;0.9810074318744839;0.6456521739130435;37.45119136919434;0.39418744723077226;0.7475957935443954;2.2056994955328784;4.873975515900647;6.094336840101478;11.551501356702257;7.265429843079187;11.534275717730088;0
60.219524281466796;64.1159563924678;65.91476709613478;39.57643525288404;39.645623390431574;39.592969588085225;1917.5;228.40916073322296;0.4618683476424954;1.0317460317460319;0.8017980347062513;0.46825396825396826;39.61403383665402;0.4140149059949173;0.555703806967273;1.4012718654714817;2.998383941777017;3.94532349369905;-8.20697690900087;-5.575943847213563;-7.42295725118636;0
80.64480874316939;104.0457650273224;124.12363387978142;28.230962207286044;32.62326282190327;37.94906550347804;1401.5;147.4385975599289;0.810178256978751;1.0217391304347827;0.9817863397548161;0.6482423681776133;33.17554652543782;0.41696963797248615;0.7425791984060551;2.14712351875883;4.149749934913867;5.3898275463603795;10.557160475666294;7.183883712269277;-10.187889590367968;0
52.243937232524964;56.52496433666192;64.52496433666191;33.92193956612132;35.86014228557874;34.23496083956165;656.0;102.9116872549057;0.778366804838124;1.206896551724138;0.973293768545994;0.6463054187192119;35.07050007773093;0.39672865223286385;0.7284508280882946;2.0413162481100073;4.163671126540863;5.359137016910141;10.850721872417953;7.385575891928591;10.121352946452493;0
63.3254855797528;72.8247989013145;79.0451245830881;36.35340621053735;41.752788873754234;47.905631233641444;4912.5;436.17366111278534;0.3244841995978974;0.7863247863247863;0.7585115417277851;0.45638238573021184;42.56766673405373;0.4344475044124942;0.5972905770495056;1.7000080483211955;3.1046492019931726;4.698265672107592;8.686796846756335;5.74854442259347;-8.839513042436483;0
53.41325695581015;57.14729950900164;58.252045826513914;35.41288272477019;36.355665862891165;36.75257174925968;1164.5;129.15432786941528;0.8772662661486238;1.2285714285714286;0.9835304054054054;0.7737541528239202;36.3567046893042;0.40490649016483105;0.7848302976044725;2.869191038103725;4.229713218869567;6.203731427872427;-11.33176307488423;-7.638611728070545;-11.694664048689756;0
58.459572490706314;63.26603159851301;65.15938661710037;33.35775077279952;35.21748808426773;37.058637665813755;4148.5;363.2619732618332;0.3950582021485738;0.9789473684210527;0.7535876475930972;0.4695529145444256;35.39901160172573;0.4181888239362832;0.6235050570405504;1.8127144075711104;2.8872878996524904;3.653937108540613;-7.5860074671703375;-4.635233577510774;-6.935122293759513;0
54.41427155599604;57.0426164519326;58.073339940535185;37.812652175019544;38.58255622286258;38.61015252421197;957.5;120.46803593635559;0.829096319033744;1.1714285714285715;0.9770408163265306;0.6672473867595818;38.46803746874814;0.40404207019983523;0.7589577027365038;2.3172340451304896;5.071014982545553;6.469262091787365;11.80678142624416;7.652800474075251;-11.94523119720537;0
52.7686170212766;55.618351063829785;57.1968085106383;35.015404525947375;35.71905991557791;35.77482410103205;2171.5;193.09545278549194;0.7318559438706912;0.8;0.9289839572192513;0.6424556213017751;35.64612620656386;0.41348282382468327;0.7221213861777208;2.0724425488264377;3.6943754228774677;4.817107063529085;-9.946526051925177;-6.754318424692214;9.076181090932756;0
55.00153846153846;58.43769230769231;58.95461538461539;38.410255010098744;39.34584283657814;39.36689669787679;1241.5;136.12488985061646;0.8419407021399814;0.8478260869565217;0.9825880490700435;0.6920289855072463;39.24315444769849;0.41679583146213584;0.7626329819343067;2.36564229936604;4.632085573811067;6.017505617181315;11.454051734438451;7.466290969086161;-11.319875199933547;0
55.936285936285934;59.11266511266511;60.46930846930847;38.80692325474203;40.14438455321853;40.47244823086383;1230.0;134.36753118038177;0.8561035542965275;0.8085106382978723;0.9847878302642114;0.6886898096304591;40.06211251679726;0.4160297805701031;0.7658639787639843;2.4177728866233568;4.368251180019852;5.884701748535886;11.061858852973433;7.28482922610245;11.154303182480351;0
52.73615160349854;56.28790087463557;57.95408163265306;35.48816670187963;36.84552576722253;36.86444029900536;1311.0;139.88224947452545;0.8419520144591285;0.7916666666666666;0.9809203142536476;0.71875;36.66210509416809;0.4009014317086855;0.7668202523766916;2.4237079716306145;4.409689104103811;5.939203093572748;-11.43420571728772;-7.516286729482618;11.08533580342406;0
55.802389705882355;58.61642156862745;59.37162990196078;39.826998511886096;41.0348360487497;41.07417300183404;3148.5;275.80613052845;0.5201226074403141;0.5698924731182796;0.8213121168644841;0.6387705416920267;40.925133254016295;0.42501786425571236;0.5960508779600333;1.5737852216280004;2.6793400131248544;3.4848145804431194;7.067177733272212;5.02323622686772;6.589736635239051;0
58.027900146842875;61.04331864904552;63.335535976505135;36.11090906018608;37.23107630368832;36.94647932949616;1302.0;137.0538226366043;0.8710408879583714;0.9534883720930233;0.9826415094339622;0.7385138967668746;36.989904486093245;0.414995482396867;0.7804530289879554;2.731032868076224;4.452700890326736;6.169767311510433;11.399407894738427;7.538005462263017;-11.617537349575876;0
53.83928571428571;56.92387218045113;56.889097744360896;39.009849318482345;39.81919703704978;39.71023941282057;1010.0;125.05382299423218;0.8115911298059441;0.7333333333333333;0.9763170613823103;0.6801346801346801;39.64833666902613;0.4140317490579951;0.7502475152859859;2.2243156078139026;4.304968628629528;5.573113015818956;10.519769722528707;6.747696221860226;10.974996273050657;0
59.510090167453846;62.92056676685273;64.27264920566768;32.36573158272429;33.03148052069994;32.40636587904682;2236.0;220.45079123973846;0.5781737090595525;0.9402985074626866;0.8775510204081632;0.5297322909263208;32.79011258846551;0.40472916929160274;0.6482967734266375;1.6895461416270388;3.8088287580319244;4.561593549341029;9.734439576099813;7.108476939692614;-8.748846911218655;0
59.83630195080577;63.042408821034776;63.58608990670059;34.13374142811894;34.79048985755113;34.76376121827313;1121.5;131.63960933685303;0.81327228477249;0.6530612244897959;0.974370112945265;0.7152423469387755;34.70573201261571;0.41011650305626574;0.7477557201487619;2.190123957498466;4.529072112915013;5.8989861953721405;-11.483919336164794;-7.278522843088947;-11.077618240826151;0
59.140625;62.955965909090914;64.27698863636364;35.62258919524255;36.59979420705583;36.00335344261019;1346.5;140.4680359363556;0.8575534563684118;1.15;0.9778503994190269;0.7317934782608696;36.30144878197594;0.4167415126595969;0.7827789192909802;2.8152914805073115;4.119980288000856;5.729849764247887;10.762296317295755;7.275472895433918;-10.795822897686483;0
55.10148731408574;58.66754155730534;58.73665791776028;35.97846429186521;36.44004971065405;36.46870605689088;1088.0;127.88224983215332;0.8360229949928335;0.7021276595744681;0.9837251356238698;0.7014829142488717;36.39024554358165;0.41076678296479796;0.7567071074082188;2.281865907258524;5.150133044798968;6.718282025683827;-11.940717224771918;-8.017294285696599;-11.93263366889953;0
59.61291649526944;63.17112299465241;64.461949814891;35.56956645452798;36.15548040051841;36.05952977395387;2337.0;216.65180158615112;0.6256680337272139;0.8676470588235294;0.894374282433984;0.5825024925224327;36.057211700496495;0.42179187236458365;0.6659251865631985;1.7633665725468262;3.7029108398339488;4.850285214947271;-9.134334146891447;-5.732347712747242;-9.843521273189463;0
62.64200298953662;67.52690582959642;68.86547085201794;31.703945323134647;32.13803295900264;31.49488990692221;1274.5;144.4680358171463;0.7673723868541994;0.660377358490566;0.9770026830203143;0.6870619946091644;31.855173847131148;0.4077579406630217;0.7198056353165597;1.9622830027314009;4.739750661124813;5.625284686893166;10.78143403759271;6.608326986393753;11.723114938592692;0
56.17700915564598;59.55035605289929;60.65513733468973;32.15449734166172;32.75817336254017;32.59408623249145;933.0;117.05382311344147;0.8556975767616884;0.8048780487804879;0.9810725552050473;0.6895787139689579;32.615383369276906;0.40293853104413846;0.7692808795698896;2.4700375039165596;4.8849606406556125;6.332707792396408;11.762980574948758;7.7260157696966;11.724852437830371;0
58.919452181987;62.903667595171775;64.3430826369545;36.5023467845146;37.265363192701344;36.55064446660904;4164.0;339.84775936603546;0.4530558713365944;0.8617021276595744;0.8385018123238018;0.5468873128447597;36.88805929188637;0.4163200148701483;0.6551081043949618;1.9376642650908549;2.512346924032336;3.781362787232506;7.139544925808775;-7.586389331276083;-7.031269689955845;0
60.66116611661166;65.35643564356435;66.92959295929593;30.485142897386183;30.778325114702405;30.747874504150477;860.5;116.12489032745361;0.8018813355083437;0.9736842105263158;0.9783968163729392;0.6120199146514936;30.69393980099202;0.39458652409817474;0.7254779072376483;2.0086476591990237;5.0310383744519624;6.290745797650179;-11.716475253979247;-7.353391337234571;11.786898483368363;0
57.47661640684896;63.660874009711215;66.93662151801686;33.947254340832465;36.275576487202656;38.01464565757997;3767.5;345.7472550868988;0.3960460108212619;0.69;0.8219701101778117;0.5460144927536232;36.32523932355313;0.4226222433651219;0.6766165033026939;2.2002291783359427;2.5228442032652714;3.504074657607504;6.575702618563653;4.6820627966367585;-6.831994341980622;0
60.637800019708045;95.01839041626195;147.4968650140068;16.82627939730643;18.460849577202662;16.242566913447355;351245.5;7921.320848464966;0.07034373498905677;0.5625;0.24434452567337345;0.2439204861111111;17.339552774691267;0.3827666001419683;-0.1951641000843501;-0.10133209860700543;1.3192743637178264;1.4311334939057003;2.808248612412987;1.4536586155422944;3.8350175448769237;0
136.68320347222223;150.28384791666667;165.39983055555555;71.61708193838713;64.29308574107857;53.02043629296768;1437501.0;4996.0;0.7237243086908248;0.5625;1.0;0.9982645833333333;60.78917983838058;0.44998070931483425;0.7098040748404366;1.9881978549071644;12.0;12.0;12.0;12.0;-12.0;0
151.32662130404347;164.07334966721115;177.7226143649233;73.03270893012818;65.1252440551939;54.129452511009376;1437442.0;5023.798989415169;0.7157076935747949;0.5625;0.9999589565502911;0.9982236111111111;61.85032834625108;0.44140480525663617;0.7098102578993195;1.9882750627864794;10.445132463358604;11.569214975801074;11.999999999994795;-11.999407206081257;11.999999999997758;1
145.59815712448614;160.02974264631808;176.94652006661195;76.71160322491407;68.21528880368595;58.444684827345;1436793.0;5211.279218196869;0.6648373063812469;0.5625;0.9995074786034931;0.9977729166666667;65.09876392126046;0.45062182348481905;0.7098805646740843;1.9890432013179664;9.161815964616693;9.907270491194915;11.9999999903185;11.019819451236762;-11.999999987893679;1
147.64991274190422;160.14584706325985;173.0195217853569;76.16559346486119;68.61543198880358;58.66985486785543;1437473.5;5015.071067690849;0.7182167473402242;0.5625;0.9999808695785255;0.9982454861111111;65.53043194496605;0.4436895067974934;0.709809401430579;1.9882243199680045;10.573114880698046;11.600770456943309;-11.999999999997701;-11.94520864864397;-11.999999999996632;1
137.86976688306098;151.93346569775358;166.56598845526696;73.15691672841176;67.27886073490365;57.74053827992066;1437457.5;5014.727921843529;0.7183070471082352;0.5625;0.9999697391514858;0.998234375;64.06132800637681;0.44574278102589915;0.7098120127352806;1.9882417811906283;10.23086880374518;11.38744688738832;-11.999999999986793;-11.888784885967096;-11.999999999987773;1
